[
  {
    "id": 1,
    "address": "4BHK Alexander Court,New York",
    "loc": "245 E 20th St, New York, NY 201609",
    "des": "Lorem ipsum dolor sit amet, consectetur adipiscing elit Aliquam gravida magna et fringilla convallis. Pellentesque habitant morb",
    "house": "images/home1.jpg",
    "price": "$390,000 - $430,000",
    "status": "Sale"
  },
  {
    "id": 2,
    "address": "4BHK Alexander Court,New York",
    "loc": "245 E 20th St, New York, NY 201609",
    "des": "Lorem ipsum dolor sit amet, consectetur adipiscing elit Aliquam gravida magna et fringilla convallis. Pellentesque habitant morb",
    "house": "images/home2.jpg",
    "price": "$390,000 - $430,000",
    "status": "Rent"
  },
  {
    "id": 3,
    "address": "4BHK Alexander Court,New York",
    "loc": "245 E 20th St, New York, NY 201609",
    "des": "Lorem ipsum dolor sit amet, consectetur adipiscing elit Aliquam gravida magna et fringilla convallis. Pellentesque habitant morb",
    "house": "images/home3.jpg",
    "price": "$390,000 - $430,000",
    "status": "Sale"
  },
  {
    "id": 4,
    "address": "4BHK Alexander Court,New York",
    "loc": "245 E 20th St, New York, NY 201609",
    "des": "Lorem ipsum dolor sit amet, consectetur adipiscing elit Aliquam gravida magna et fringilla convallis. Pellentesque habitant morb",
    "house": "images/home4.jpg",
    "price": "$390,000 - $430,000",
    "status": "Sale"
  },
  {
    "id": 5,
    "address": "4BHK Alexander Court,New York",
    "loc": "245 E 20th St, New York, NY 201609",
    "des": "Lorem ipsum dolor sit amet, consectetur adipiscing elit Aliquam gravida magna et fringilla convallis. Pellentesque habitant morb",
    "house": "images/home2.jpg",
    "price": "$390,000 - $430,000",
    "status": "Rent"
  },
  {
    "id": 6,
    "address": "4BHK Alexander Court,New York",
    "loc": "245 E 20th St, New York, NY 201609",
    "des": "Lorem ipsum dolor sit amet, consectetur adipiscing elit Aliquam gravida magna et fringilla convallis. Pellentesque habitant morb",
    "house": "images/home1.jpg",
    "price": "$390,000 - $430,000",
    "status": "Sale"
  },
  {
    "id": 7,
    "address": "4BHK Alexander Court,New York",
    "loc": "245 E 20th St, New York, NY 201609",
    "des": "Lorem ipsum dolor sit amet, consectetur adipiscing elit Aliquam gravida magna et fringilla convallis. Pellentesque habitant morb",
    "house": "images/home6.jpg",
    "price": "$390,000 - $430,000",
    "status": "Sale"
  },
  {
    "id": 8,
    "address": "4BHK Alexander Court,New York",
    "loc": "245 E 20th St, New York, NY 201609",
    "des": "Lorem ipsum dolor sit amet, consectetur adipiscing elit Aliquam gravida magna et fringilla convallis. Pellentesque habitant morb",
    "house": "images/home3.jpg",
    "price": "$390,000 - $430,000",
    "status": "Rent"
  },
  {
    "id": 9,
    "address": "4BHK Alexander Court,New York",
    "loc": "245 E 20th St, New York, NY 201609",
    "des": "Lorem ipsum dolor sit amet, consectetur adipiscing elit Aliquam gravida magna et fringilla convallis. Pellentesque habitant morb",
    "house": "images/home4.jpg",
    "price": "$390,000 - $430,000",
    "status": "Sale"
  },  {
    "id": 10,
    "address": "4BHK Alexander Court,New York",
    "loc": "245 E 20th St, New York, NY 201609",
    "des": "Lorem ipsum dolor sit amet, consectetur adipiscing elit Aliquam gravida magna et fringilla convallis. Pellentesque habitant morb",
    "house": "images/home3.jpg",
    "price": "$390,000 - $430,000",
    "status": "Rent"
  },
  {
    "id": 11,
    "address": "4BHK Alexander Court,New York",
    "loc": "245 E 20th St, New York, NY 201609",
    "des": "Lorem ipsum dolor sit amet, consectetur adipiscing elit Aliquam gravida magna et fringilla convallis. Pellentesque habitant morb",
    "house": "images/home2.jpg",
    "price": "$390,000 - $430,000",
    "status": "Sale"
  },  {
    "id": 12,
    "address": "4BHK Alexander Court,New York",
    "loc": "245 E 20th St, New York, NY 201609",
    "des": "Lorem ipsum dolor sit amet, consectetur adipiscing elit Aliquam gravida magna et fringilla convallis. Pellentesque habitant morb",
    "house": "images/home1.jpg",
    "price": "$390,000 - $430,000",
    "status": "Rent"
  }
]
