[
  {
    "id": "1",
    "address": "4BHK Alexander Court,New York",
    "dtandName": "Dec 03, 2018 | John Deo",
    "house": "images/home1.jpg"
  },
  {
    "id": "1",
    "address": "4BHK Alexander Court,New York",
    "dtandName": "Dec 03, 2018 | John Deo",
    "house": "images/home2.jpg"
  },
  {
    "id": "1",
    "address": "4BHK Alexander Court,New York",
    "dtandName": "Dec 03, 2018 | John Deo",
    "house": "images/home3.jpg"
  },
  {
    "id": "1",
    "address": "4BHK Alexander Court,New York",
    "dtandName": "Dec 03, 2018 | John Deo",
    "house": "images/home4.jpg"
  },
  {
    "id": "1",
    "address": "4BHK Alexander Court,New York",
    "dtandName": "Dec 03, 2018 | John Deo",
    "house": "images/home4.jpg"
  }
]
