[
  {
    "id": 1,
    "name": "Clarence M. Ramos",
    "login": "Last login: 16/12/2018 10:45",
    "image": "images/user5.jpg"
  },
  {
    "id": 2,
    "name": "Wayne J. Sloan",
    "login": "Last login: 16/12/2018 10:45",
    "image": "images/user4.jpg"
  },
  {
    "id": 3,
    "name": "Jimmie J. Hertzog",
    "login": "Last login: 16/12/2018 10:45",
    "image": "images/user3.jpg"
  },
  {
    "id": 4,
    "name": "Larry D. Guy",
    "login": "Last login: 16/12/2018 10:45",
    "image": "images/user2.jpg"
  },
  {
    "id": 5,
    "name": "David D. Thomas",
    "login": "Last login: 16/12/2018 10:45",
    "image": "images/user1.jpg"
  }
]
